ranking,player
1,Ja’Marr Chase
2,Saquon Barkley
3,Jahmyr Gibbs
4,Bijan Robinson
5,CeeDee Lamb
6,Derrick Henry
7,Justin Jefferson
8,Nico Collins
9,Christian McCaffrey
10,Amon-Ra St. Brown
11,Ashton Jeanty
12,Malik Nabers
13,Puka Nacua
14,Brock Bowers
15,Drake London
16,Brian Thomas Jr.
17,Trey McBride
18,De’Von Achane
19,A.J. Brown
20,Jonathan Taylor
21,Josh Allen
22,Lamar Jackson
23,Chase Brown
24,Ladd McConkey
25,Jalen Hurts
26,Jayden Daniels
27,Josh Jacobs
28,Bucky Irving
29,Tyreek Hill
30,Kyren Williams
31,Mike Evans
32,Tee Higgins
33,Omarion Hampton
34,Jaxon Smith-Njigba
35,George Kittle
36,James Cook
37,Kenneth Walker III
38,Davante Adams
39,Marvin Harrison Jr.
40,Alvin Kamara
41,Breece Hall
42,Terry McLaurin
43,Garrett Wilson
44,Tetairoa McMillan
45,James Conner
46,Chuba Hubbard
47,DJ Moore
48,Jameson Williams
49,TreVeyon Henderson
50,George Pickens
51,Jaylen Waddle
52,Calvin Ridley
53,Courtland Sutton
54,David Montgomery
55,Joe Burrow
56,DK Metcalf
57,RJ Harvey
58,Tony Pollard
59,Isiah Pacheco
60,DeVonta Smith
61,Xavier Worthy
62,Aaron Jones Sr.
63,T.J. Hockenson
64,Sam LaPorta
65,Zay Flowers
66,Travis Hunter
67,Mark Andrews
68,D’Andre Swift
69,Patrick Mahomes
70,Emeka Egbuka
71,Ricky Pearsall
72,Rashee Rice
73,Kyler Murray
74,Matthew Golden
75,Jakobi Meyers
76,Bo Nix
77,Chris Olave
78,Jordan Addison
79,Justin Fields
80,Rome Odunze
81,Jaylen Warren
82,Deebo Samuel Sr.
83,Brock Purdy
84,Jerry Jeudy
85,Jauan Jennings
86,David Njoku
87,Kaleb Johnson
88,Michael Pittman Jr.
89,Tyrone Tracy Jr.
90,Baker Mayfield
91,Travis Etienne Jr.
92,Travis Kelce
93,Zach Charbonnet
94,Jayden Reed
95,Tank Bigsby
96,Drake Maye
97,Dak Prescott
98,Evan Engram
99,Rhamondre Stevenson
100,Khalil Shakir
101,Darnell Mooney
102,Tyler Warren
103,Jordan Love
104,Stefon Diggs
105,Tucker Kraft
106,Jordan Mason
107,Caleb Williams
108,Jacory Croskey-Merritt
109,Rashid Shaheed
110,C.J. Stroud
111,Josh Downs
112,Keenan Allen
113,Justin Herbert
114,Trevor Lawrence
115,Cooper Kupp
116,Cam Skattebo
117,Colston Loveland
118,Jared Goff
119,Christian Kirk
120,Keon Coleman
121,Nick Chubb
122,Javonte Williams
123,Dalton Kincaid
124,Jake Ferguson
125,Austin Ekeler
126,Dallas Goedert
127,Kyle Pitts
128,Tyler Allgeier
129,Chris Godwin
130,Luther Burden III
131,Rashod Bateman
132,Joe Mixon
133,Braelon Allen
134,Jerome Ford
135,J.K. Dobbins
136,Rachaad White
137,Marvin Mims Jr.
138,Hunter Henry
139,Brian Robinson Jr.
140,Romeo Doubs
141,Adam Thielen
142,Joshua Palmer
143,Quinshon Judkins
144,Bhayshul Tuten
145,Trey Benson
146,Ray Davis
147,Tyjae Spears
148,Brandon Aiyuk
149,Tua Tagovailoa
150,DeMario Douglas
151,Dylan Sampson
152,Jaydon Blue
153,Cedric Tillman
154,J.J. McCarthy
155,Michael Penix Jr.
156,Will Shipley
157,Isaac Guerendo
158,Ollie Gordon II
159,Blake Corum
160,Jayden Higgins
161,Jonnu Smith
162,Kyle Williams
163,Xavier Legette
164,Rico Dowdle
165,Zach Ertz
166,Kendre Miller
167,Quentin Johnston
168,Roschon Johnson
169,Jaylen Wright
170,Najee Harris
171,Adonai Mitchell
172,Jalen Coker
173,Wan’Dale Robinson
174,Bryce Young
175,Cam Ward
176,Brenton Strange
177,Marquise Brown
178,Isaiah Likely
179,Kyle Monangai
180,Sam Darnold
181,Tre Harris
182,DeAndre Hopkins
183,Dameon Pierce
184,Jalen McMillan
185,DJ Giddens
186,Chig Okonkwo
187,Dalton Schultz
188,Pat Bryant
189,Matthew Stafford
190,Woody Marks
191,Dont’e Thornton
192,Cade Otton
193,Darius Slayton
194,Keaton Mitchell
195,MarShawn Lloyd
196,Miles Sanders
197,Anthony Richardson Sr.
198,Kimani Vidal
199,Kareem Hunt
200,Geno Smith
201,Pittsburgh Steelers
202,Minnesota Vikings
203,Baltimore Ravens
204,Philadelphia Eagles
205,Seattle Seahawks
206,Buffalo Bills
207,Kansas City Chiefs
208,Los Angeles Chargers
209,Detroit Lions
210,Los Angeles Rams
211,New York Jets
212,Denver Broncos
213,Brandon Aubrey
214,Chris Boswell
215,Cameron Dicker
216,Jake Bates
217,Ka’imi Fairbairn
218,Chase McLaughlin
219,Wil Lutz
220,Jake Elliott
221,Evan McPherson
222,Harrison Butker
223,Tyler Bass
224,Jason Sanders
